CAP-ICCENDIS,CAP-ICCOFDIS,CAP-ICCD1CTO,CAP-ICCD2CTO,CAP-ICCCTACT,CAP-ICCCYCIA,CAP-ICCPRODC,CAP-ICCSUBPR,CAP-ICCMOD01,CAP-ICNUMPOL,CAP-ICCENTPF,CAP-ICCOFDPF,CAP-ICCD1PF,CAP-ICCD2PF,CAP-ICCCTAPF,CAP-ICFALMOV,CAP-ICFCONTR,CAP-ICFECTE,CAP-ICFDUR03,CAP-ICFVENPO,CAP-ICFBAIXA,CAP-ICFANCON,CAP-ICFCOMUN,CAP-ICYSITUA,CAP-ICCANULA,CAP-ICCOFFOR,CAP-ICDIREC1,CAP-ICECALLE1,CAP-ICECALLE2,CAP-ICDIREC2,CAP-ICDIREC3,CAP-ICPOBLACI,CAP-ICESTADO,CAP-ICCODPOST,CAP-ICCODPAIS,CAP-ICIDEDIRE2,CAP-ICPROVINCI,CAP-ICDISTRITO,CAP-ICPREFIJO,CAP-ICNUMTELE,CAP-ICCLASE,CAP-ICMARCA,CAP-ICMODELO,CAP-ICMOTOR,CAP-ICMATRI,CAP-ICUSO,CAP-ICNUMASI,CAP-ICPESO,CAP-ICTALLA,CAP-ICNROCIG,CAP-ICCIOIDI,CAP-ICTFOPAG,CAP-ICIPRTOT,CAP-ICIPBASR,CAP-ICIDTCIR,CAP-ICICLEAR,CAP-ICIMPO1R,CAP-ICIMPO2R,CAP-ICICOMIS,CAP-ICFINIRE,CAP-ICFFINRE,CAP-ICIGAPEN,CAP-ICIRESCA,CAP-ICCESTRE,CAP-ICCBEN01,CAP-ICTDESCU,CAP-ICQPER01,CAP-ICIPRSUC,CAP-ICCUSUAR,CAP-ICHTIULM,CAP-ICCOFMOD,CAP-ICFTRANS,CAP-ICDIVISA,CAP-ICDIPAG,CAP-ICACUIMPA,CAP-ICINDEUPE,CAP-ICDIASCAL,CAP-ICPERPRI,CAP-ICFEPRVTO,CAP-ICVENPREC,CAP-ICPLPEN,CAP-ICFECOB,CAP-ICFELIQ,CAP-ICNUMCLIEN,CAP-ICFECHA1,CAP-ICFECHA2,CAP-ICINDLIB1,CAP-ICINDLIB2,CAP-ICCAMPOLIB1,CAP-ICNTRXAR
"0011","0101","3","7","7300000001","01","1001","0001","01","6100001","","","","","","2026-08-05","2026-08-03","2026-08-03","12","2027-08-05","","","","01","","","","","","","","","","","","","","","","","","","","","","","","","","","","M","45.00","45.00","","","","","","","","","","01","","","","","DUMMY01","2026-08-05T08:00:00","0101","","PEN","","","","","","","","","01-01-01","2026-08-05","10000001","","","","",""
"0011","0204","4","8","7300000002","01","1002","0001","02","6100002","","","","","","2026-08-05","2026-08-03","2026-08-03","12","2027-08-05","","","","01","","","","","","","","","","","","","","","","","","","","","","","","","","","","T","53.25","53.25","","","","","","","","","","01","","","","","DUMMY01","2026-08-05T09:00:00","0204","","PEN","","","","","","","","","01-01-01","2026-08-05","10000002","","","","",""
"0011","0312","5","9","7300000003","01","1003","0001","03","6100003","","","","","","2026-08-05","2026-08-03","2026-08-03","12","2027-08-05","","","","01","","","","","","","","","","","","","","","","","","","","","","","","","","","","S","61.50","61.50","","","","","","","","","","01","","","","","DUMMY01","2026-08-05T10:00:00","0312","","PEN","","","","","","","","","01-01-01","2026-08-05","10000003","","","","",""
"0011","0420","6","0","7300000004","01","1004","0001","04","6100004","","","","","","2026-08-05","2026-08-02","2026-08-02","12","2027-08-05","","","","01","","","","","","","","","","","","","","","","","","","","","","","","","","","","A","69.75","69.75","","","","","","","","","","01","","","","","DUMMY01","2026-08-05T11:00:00","0420","","PEN","","","","","","","","","01-01-01","2026-08-05","10000004","","","","",""
"0011","0101","7","1","7300000005","01","1001","0001","01","6100005","","","","","","2026-08-05","2026-08-01","2026-08-01","12","2027-08-05","","","","01","","","","","","","","","","","","","","","","","","","","","","","","","","","","M","78.00","78.00","","","","","","","","","","01","","","","","DUMMY01","2026-08-05T12:00:00","0101","","PEN","","","","","","","","","01-01-01","2026-08-05","10000005","","","","",""
"0011","0204","8","2","7300000006","01","1002","0001","02","6100006","","","","","","2026-08-05","2026-07-30","2026-07-30","12","2027-08-05","","2026-08-04","","01","","","","","","","","","","","","","","","","","","","","","","","","","","","","T","86.25","86.25","","","","","","","","","","01","","","","","DUMMY01","2026-08-05T13:00:00","0204","","PEN","","","","","","","","","01-01-01","2026-08-05","10000006","","","","",""
"0011","0312","9","3","7300000007","01","1003","0001","03","6100007","","","","","","2026-08-05","2026-07-21","2026-07-21","12","2027-08-05","","","","01","","","","","","","","","","","","","","","","","","","","","","","","","","","","S","94.50","94.50","","","","","","","","","","01","","","","","DUMMY01","2026-08-05T14:00:00","0312","","PEN","","","","","","","","","01-01-01","2026-08-05","10000007","","","","",""
"0011","0420","0","4","7300000008","01","1004","0001","04","6100008","","","","","","2026-08-05","2026-06-18","2026-06-18","12","2027-08-05","","","","01","","","","","","","","","","","","","","","","","","","","","","","","","","","","A","102.75","102.75","","","","","","","","","","01","","","","","DUMMY01","2026-08-05T15:00:00","0420","","PEN","","","","","","","","","01-01-01","2026-08-05","10000008","","","","",""
"0011","0101","1","5","7300000009","01","1001","0001","01","6100009","","","","","","2026-08-05","2026-06-02","2026-06-02","12","2027-08-05","","","","01","","","","","","","","","","","","","","","","","","","","","","","","","","","","M","111.00","111.00","","","","","","","","","","01","","","","","DUMMY01","2026-08-05T16:00:00","0101","","PEN","","","","","","","","","01-01-01","2026-08-05","10000009","","","","",""
"0011","0204","2","6","7300000010","01","1002","0001","02","6100010","","","","","","2026-08-05","2026-05-12","2026-05-12","12","2027-08-05","2026-08-05","","","01","","","","","","","","","","","","","","","","","","","","","","","","","","","","T","119.25","119.25","","","","","","","","","","01","","","","","DUMMY01","2026-08-05T17:00:00","0204","","PEN","","","","","","","","","01-01-01","2026-08-05","10000010","","","","",""
"0011","0312","3","7","7300000011","01","1003","0001","03","6100011","","","","","","2026-08-05","2026-04-08","2026-04-08","12","2027-08-05","","","","01","","","","","","","","","","","","","","","","","","","","","","","","","","","","S","127.50","127.50","","","","","","","","","","01","","","","","DUMMY01","2026-08-05T08:00:00","0312","","PEN","","","","","","","","","01-01-01","2026-08-05","10000011","","","","",""
"0011","0420","4","8","7300000012","01","1004","0001","04","6100012","","","","","","2026-08-05","2026-03-16","2026-03-16","12","2027-08-05","","","","01","","","","","","","","","","","","","","","","","","","","","","","","","","","","A","135.75","135.75","","","","","","","","","","01","","","","","DUMMY01","2026-08-05T09:00:00","0420","","PEN","","","","","","","","","01-01-01","2026-08-05","10000012","","","","",""
