ICCENDIS,ICCOFDIS,ICCD1CTO,ICCD2CTO,ICCCTACT,ICCCYCIA,ICCPRODC,ICCSUBPR,ICCMOD01,ICNUMPOL,ICNUMOVI,ICFALMOV,ICFCONTR,ICFECTE,ICTFOPAG,ICIPRTOT,ICCUSUAR,ICHTIULM,ICCOFMOD,ICDIVISA,ICINDPECO,ICPRREC,ICFELIQ,ICFECOB,ICNUMINT
0011,0101,3,7,7300000001,01,1001,0001,01,6100001,0001,2026-08-05,2026-08-03,2026-08-03,M,45.00,DUMMY01,2026-08-05T08:10:00,0101,PEN,COB,45.00,2026-08-05,2026-08-05,1
0011,0101,3,7,7300000001,01,1001,0001,01,6100001,0002,2026-08-05,2026-08-03,2026-08-03,M,45.00,DUMMY01,2026-08-05T08:20:00,0101,PEN,COB,45.00,2026-08-01,2026-08-01,1
0011,0204,4,8,7300000002,01,1002,0001,02,6100002,0001,2026-08-05,2026-08-03,2026-08-03,T,53.25,DUMMY01,2026-08-05T09:10:00,0204,PEN,PEN,0.00,2026-08-05,01-01-01,2
0011,0204,4,8,7300000002,01,1002,0001,02,6100002,0002,2026-08-05,2026-08-03,2026-08-03,T,53.25,DUMMY01,2026-08-05T09:20:00,0204,PEN,COB,53.25,2026-08-01,2026-08-02,1
0011,0312,5,9,7300000003,01,1003,0001,03,6100003,0001,2026-08-05,2026-08-03,2026-08-03,S,61.50,DUMMY01,2026-08-05T10:10:00,0312,PEN,COB,61.50,2026-08-05,2026-08-05,3
0011,0312,5,9,7300000003,01,1003,0001,03,6100003,0002,2026-08-05,2026-08-03,2026-08-03,S,61.50,DUMMY01,2026-08-05T10:20:00,0312,PEN,COB,61.50,2026-08-01,2026-08-03,1
0011,0420,6,0,7300000004,01,1004,0001,04,6100004,0001,2026-08-05,2026-08-02,2026-08-02,A,69.75,DUMMY01,2026-08-05T11:10:00,0420,PEN,PEN,0.00,2026-08-05,01-01-01,1
0011,0420,6,0,7300000004,01,1004,0001,04,6100004,0002,2026-08-05,2026-08-02,2026-08-02,A,69.75,DUMMY01,2026-08-05T11:20:00,0420,PEN,PEN,0.00,2026-08-01,01-01-01,1
0011,0101,7,1,7300000005,01,1001,0001,01,6100005,0001,2026-08-05,2026-08-01,2026-08-01,M,78.00,DUMMY01,2026-08-05T12:10:00,0101,PEN,COB,78.00,2026-08-05,2026-08-05,2
0011,0101,7,1,7300000005,01,1001,0001,01,6100005,0002,2026-08-05,2026-08-01,2026-08-01,M,78.00,DUMMY01,2026-08-05T12:20:00,0101,PEN,COB,78.00,2026-08-01,2026-08-02,1
0011,0204,8,2,7300000006,01,1002,0001,02,6100006,0001,2026-08-05,2026-07-30,2026-07-30,T,86.25,DUMMY01,2026-08-05T13:10:00,0204,PEN,PEN,0.00,2026-08-05,01-01-01,3
0011,0204,8,2,7300000006,01,1002,0001,02,6100006,0002,2026-08-05,2026-07-30,2026-07-30,T,86.25,DUMMY01,2026-08-05T13:20:00,0204,PEN,COB,86.25,2026-08-01,2026-08-03,1
0011,0312,9,3,7300000007,01,1003,0001,03,6100007,0001,2026-08-05,2026-07-21,2026-07-21,S,94.50,DUMMY01,2026-08-05T14:10:00,0312,PEN,COB,94.50,2026-08-05,2026-08-05,1
0011,0312,9,3,7300000007,01,1003,0001,03,6100007,0002,2026-08-05,2026-07-21,2026-07-21,S,94.50,DUMMY01,2026-08-05T14:20:00,0312,PEN,COB,94.50,2026-08-01,2026-08-01,1
0011,0420,0,4,7300000008,01,1004,0001,04,6100008,0001,2026-08-05,2026-06-18,2026-06-18,A,102.75,DUMMY01,2026-08-05T15:10:00,0420,PEN,PEN,0.00,2026-08-05,01-01-01,2
0011,0420,0,4,7300000008,01,1004,0001,04,6100008,0002,2026-08-05,2026-06-18,2026-06-18,A,102.75,DUMMY01,2026-08-05T15:20:00,0420,PEN,PEN,0.00,2026-08-01,01-01-01,1
0011,0101,1,5,7300000009,01,1001,0001,01,6100009,0001,2026-08-05,2026-06-02,2026-06-02,M,111.00,DUMMY01,2026-08-05T16:10:00,0101,PEN,COB,111.00,2026-08-05,2026-08-05,3
0011,0101,1,5,7300000009,01,1001,0001,01,6100009,0002,2026-08-05,2026-06-02,2026-06-02,M,111.00,DUMMY01,2026-08-05T16:20:00,0101,PEN,COB,111.00,2026-08-01,2026-08-03,1
0011,0204,2,6,7300000010,01,1002,0001,02,6100010,0001,2026-08-05,2026-05-12,2026-05-12,T,119.25,DUMMY01,2026-08-05T17:10:00,0204,PEN,PEN,0.00,2026-08-05,01-01-01,1
0011,0204,2,6,7300000010,01,1002,0001,02,6100010,0002,2026-08-05,2026-05-12,2026-05-12,T,119.25,DUMMY01,2026-08-05T17:20:00,0204,PEN,COB,119.25,2026-08-01,2026-08-01,1
0011,0312,3,7,7300000011,01,1003,0001,03,6100011,0001,2026-08-05,2026-04-08,2026-04-08,S,127.50,DUMMY01,2026-08-05T08:10:00,0312,PEN,COB,127.50,2026-08-05,2026-08-05,2
0011,0312,3,7,7300000011,01,1003,0001,03,6100011,0002,2026-08-05,2026-04-08,2026-04-08,S,127.50,DUMMY01,2026-08-05T08:20:00,0312,PEN,COB,127.50,2026-08-01,2026-08-02,1
0011,0420,4,8,7300000012,01,1004,0001,04,6100012,0001,2026-08-05,2026-03-16,2026-03-16,A,135.75,DUMMY01,2026-08-05T09:10:00,0420,PEN,PEN,0.00,2026-08-05,01-01-01,3
0011,0420,4,8,7300000012,01,1004,0001,04,6100012,0002,2026-08-05,2026-03-16,2026-03-16,A,135.75,DUMMY01,2026-08-05T09:20:00,0420,PEN,PEN,0.00,2026-08-01,01-01-01,1
