INSURANCE_CONTRACT_ENTITY_ID,INSURANCE_CONTRACT_BRANCH_ID,INSRC_CONTRACT_INT_ACCOUNT_ID,CONTRACT_FIRST_VERFN_DIGIT_ID,CONTRACT_SECOND_VERFN_DIGIT_ID,POLICY_QUOTA_INTERNAL_ID,INSURANCE_PRODUCT_ID,POLICY_ID,CUSTOMER_ID,ENDORSEMENT_POLICY_IND_TYPE,INSRNC_CO_CONTRACT_STATUS_TYPE,CONTRACT_STATUS_ID,CREATION_USER_ID,CREATION_DATE,DATA_TREATMENT_IND_TYPE,CONTRACT_ACCEPTANCE_IND_TYPE,CONTRACT_NON_CNCL_IND_TYPE,CONTRACT_RENEWAL_STATUS_TYPE,CONTRACT_RENEWAL_SENDING_DATE,CONTRACT_RENEWAL_RECEIPT_DATE,POLICY_DISCOUNT_COUPON_ID,ORIGINAL_PAYMENT_SUBCHANNEL_ID,AVAILABLE_INV_FUND_AMOUNT,PREFORMALIZATION_CHANNEL_ID,PREFORMALIZATION_SUBCHANNEL_ID,PAYMENT_METHOD_NAME,CROSS_SELL_ID,PULVERIZED_INSURANCE_IND_TYPE,PREMIUM_PULVERIZATION_REJ_CUST_IND_TYPE,PULVERIZATION_PROC_AVLB_FUND_AC_IND_TYPE,RATE_CURRENT_PRFTBLY_PER,TIME_PERIOD_NUMBER,PERIOD_TYPE,GROSS_PROJECTED_PROFITABILITY_AMOUNT,SOURCE_PLATFORM_TYPE
0011,0101,7300000001,3,7,COT-2026-00001,1001,6100001,10000001,N,FOR,FOR,USR1001,2026-08-03T08:15:00,S,S,N,FOR,2026-07-20,2026-07-22,CUP-001,APP001,0.000000,MOB,APP001,Tarjeta,900000001,N,N,S,0.000000,12,MES,0.000000,MOBILE
0011,0204,7300000002,4,8,COT-2026-00002,1002,6100002,10000002,N,PEN,FOR,USR1002,2026-08-03T09:20:00,S,S,N,PEN,,,CUP-002,OFC001,0.000000,OFC,OFC001,Cuenta,900000002,N,N,S,0.000000,12,MES,0.000000,PIC
0011,0312,7300000003,5,9,COT-2026-00003,1003,6100003,10000003,N,INC,FOR,USR1003,2026-08-03T10:05:00,S,S,N,PEN,,,,WEB001,0.000000,WEB,WEB001,Tarjeta,900000003,N,N,S,0.000000,12,MES,0.000000,WEB
0011,0420,7300000004,6,0,COT-2026-00004,1004,6100004,10000004,S,FOR,FOR,USR1004,2026-08-02T11:00:00,S,S,N,FOR,2026-07-18,2026-07-20,,OFC002,1500.000000,OFC,OFC002,Cuenta,900000004,S,N,S,0.052500,60,MES,1890.500000,PIC
0011,0101,7300000005,7,1,COT-2026-00005,1001,6100005,10000005,N,FOR,FOR,USR1001,2026-08-01T12:15:00,S,S,N,FOR,2026-07-15,2026-07-17,CUP-005,APP001,0.000000,MOB,APP001,Tarjeta,900000005,N,N,S,0.000000,12,MES,0.000000,MOBILE
0011,0204,7300000006,8,2,COT-2026-00006,1002,6100006,10000006,N,ANU,ANU,USR1002,2026-07-30T13:40:00,S,S,N,ANU,,,,OFC001,0.000000,OFC,OFC001,Cuenta,900000006,N,N,S,0.000000,12,MES,0.000000,PIC
0011,0312,7300000007,9,3,COT-2026-00007,1003,6100007,10000007,N,FOR,FOR,USR1003,2026-07-21T14:00:00,S,S,N,FOR,2026-07-10,2026-07-12,,WEB001,0.000000,WEB,WEB001,Tarjeta,900000007,N,N,S,0.000000,12,MES,0.000000,WEB
0011,0420,7300000008,0,4,COT-2026-00008,1004,6100008,10000008,N,ERR,ERR,USR1004,2026-06-18T15:10:00,S,S,N,PEN,,,,OFC002,2300.000000,OFC,OFC002,Cuenta,900000008,S,N,S,0.048000,48,MES,2780.000000,PIC
0011,0101,7300000009,1,5,COT-2026-00009,1001,6100009,10000009,N,FOR,FOR,USR1001,2026-06-02T08:45:00,S,S,N,FOR,2026-05-20,2026-05-22,CUP-009,APP001,0.000000,MOB,APP001,Tarjeta,900000009,N,N,S,0.000000,12,MES,0.000000,MOBILE
0011,0204,7300000010,2,6,COT-2026-00010,1002,6100010,10000010,N,BAJ,BAJ,USR1002,2026-05-12T09:30:00,S,S,N,BAJ,,,,OFC001,0.000000,OFC,OFC001,Cuenta,900000010,N,N,S,0.000000,12,MES,0.000000,PIC
0011,0312,7300000011,3,7,COT-2026-00011,1003,6100011,10000011,N,PEN,FOR,USR1003,2026-04-08T10:25:00,S,S,N,PEN,,,,WEB001,0.000000,WEB,WEB001,Tarjeta,900000011,N,N,S,0.000000,12,MES,0.000000,WEB
0011,0420,7300000012,4,8,COT-2026-00012,1004,6100012,10000012,N,FOR,FOR,USR1004,2026-03-16T16:20:00,S,S,N,FOR,2026-03-01,2026-03-03,,OFC002,1800.000000,OFC,OFC002,Cuenta,900000012,S,N,S,0.050000,60,MES,2200.000000,PIC
