OPER_SEQ_MOV_ID,CONCILIATION_SEQUENTIAL_ID,SOURCE_PROCESS_TYPE,PAYMENT_AMOUNT,OPERATED_AMOUNT,INPUT_FILE_NAME,ERROR_CODE_ID,ERROR_CODE_DESC,ORIGINAL_MOV_DETAIL_DESC,CONCILIATION_DESC,CREATION_USER_ID,CREATION_DATE,USER_AUDIT_ID,AUDIT_DATE
800001,900001,INV,5000.00,5000.00,RIMAC_INV_20260720.csv,INV_RIMAC_NOT_SENT,Cobro automático no informado por RIMAC,Cobro bancario de póliza 5100101,Cobro realizado pendiente de información RIMAC,BATCH01,2026-07-20T09:05:00,USR1001,2026-08-03T09:00:00
800002,900001,INV,250.00,249.97,RIMAC_INV_20260721.csv,INV_RIMAC_NOT_SENT,Cobro automático no informado por RIMAC,Cobro adicional de recibo 1001,Diferencia excepcional de tres centavos,BATCH01,2026-07-21T09:05:00,USR1001,2026-08-03T09:00:00
800003,900002,INV,850.00,850.00,RIMAC_INV_20260722.csv,INV_RIMAC_NOT_SENT,Cobranza no enviada por RIMAC,Importe regularizado por RIMAC,Conciliación solucionada,BATCH01,2026-07-22T10:05:00,USR2301,2026-07-24T15:00:00
800004,900003,REN,,,RIMAC_PRE_20260725.csv,PRE_NOTFOUND_ERR,Trama de prerrenovación no recibida,Contrato esperado en D-50,Información pendiente de RIMAC,BATCH02,2026-07-25T11:05:00,USR1042,2026-08-03T09:00:00
800005,900004,CAN,,,RIMAC_CAN_20260718.csv,CAN_DUPLICATE_RESP,Respuesta de cancelación duplicada,Respuesta duplicada recibida,Duplicado retirado y caso solucionado,BATCH02,2026-07-18T12:05:00,USR4570,2026-07-21T16:00:00
800006,900005,CAN,,,RIMAC_CAN_20260729.csv,CAN_FILE_NOT_SENT,Archivo de cancelación no enviado,Archivo de cancelación ausente,Pendiente de envío,BATCH03,2026-07-29T08:05:00,USR2301,2026-08-03T09:00:00
800007,900006,REN,,,RIMAC_REN_AUT_20260710.csv,REN_AUT_NOTFOUND_ERR,Trama de renovación automática no recibida,Recibos esperados en D-45,Información recibida posteriormente,BATCH03,2026-07-10T14:05:00,USR4570,2026-07-18T10:00:00
800008,900007,CAN,,,RIMAC_CAN_20260730.csv,CAN_UNEXPECTED_ERR,Error inesperado en cancelación,Error técnico durante cancelación,Pendiente de revisión,BATCH03,2026-07-30T09:05:00,USR1001,2026-08-03T09:00:00
800009,900008,CAN,,,RIMAC_CAN_20260715.csv,CAN_CONCILIATION,Cancelación enviada a conciliación,Cancelación procesada,Caso conciliado,BATCH02,2026-07-15T09:05:00,USR4570,2026-07-16T09:00:00
800010,900009,INV,0.00,0.00,RIMAC_INV_20260804.csv,INV_RIMAC_NOT_CHAR,Cobro no realizado ni informado por RIMAC,Recibo 1009 sin cobro automático,Pendiente de cobro y de información RIMAC,BATCH01,2026-08-04T10:05:00,USR1002,2026-08-05T06:00:00
800011,900010,REN,,,RIMAC_PRE_AUT_20260801.csv,PRE_AUT_NOTFOUND_ERR,Trama de prerrenovación automática no recibida,Contrato automático esperado en D-50,Información pendiente de RIMAC,BATCH02,2026-08-01T09:05:00,USR1042,2026-08-03T09:00:00
800012,900011,REN,,,RIMAC_REN_20260728.csv,REN_NOTFOUND_ERR,Trama de renovación no recibida,Recibos esperados en D-45,Información recibida posteriormente,BATCH03,2026-07-28T09:05:00,USR4570,2026-08-02T10:00:00
