CONCILIATION_SEQUENTIAL_ID,INSURANCE_CONTRACT_ENTITY_ID,INSURANCE_CONTRACT_BRANCH_ID,INSRC_CONTRACT_INT_ACCOUNT_ID,POLICY_ID,POLICY_RECEIPT_ID,SOURCE_PROCESS_TYPE,ERROR_CODE_ID,ERROR_CODE_DESC,CONCILIATION_STATUS_TYPE,CREATION_USER_ID,CREATION_DATE,USER_AUDIT_ID,AUDIT_DATE
900001,0011,0101,7300000001,5100101,1001,INV,INV_RIMAC_NOT_SENT,Cobro automático no informado por RIMAC,PEN,USR1001,2026-07-20T09:00:00,USR1001,2026-08-03T09:00:00
900002,0001,0204,,5100102,1002,INV,INV_RIMAC_NOT_SENT,Cobranza no enviada por RIMAC,SOL,USR1001,2026-07-22T10:00:00,USR2301,2026-07-24T15:00:00
900003,0002,0312,,5100103,1003,REN,PRE_NOTFOUND_ERR,Trama de prerrenovación no recibida,PEN,USR1042,2026-07-25T11:00:00,USR1042,2026-08-03T09:00:00
900004,0002,0420,,5100104,1004,CAN,CAN_DUPLICATE_RESP,Respuesta de cancelación duplicada,SOL,USR1042,2026-07-18T12:00:00,USR4570,2026-07-21T16:00:00
900005,0001,0101,,,1005,CAN,CAN_FILE_NOT_SENT,Archivo de cancelación no enviado,PEN,USR2301,2026-07-29T08:00:00,USR2301,2026-08-03T09:00:00
900006,0002,0204,,5100106,1006,REN,REN_AUT_NOTFOUND_ERR,Trama de renovación automática no recibida,SOL,USR2301,2026-07-10T14:00:00,USR4570,2026-07-18T10:00:00
900007,0001,0312,,5100107,1007,CAN,CAN_UNEXPECTED_ERR,Error inesperado en cancelación,PEN,USR1001,2026-07-30T09:00:00,USR1001,2026-08-03T09:00:00
900008,0002,0420,,5100108,1008,CAN,CAN_CONCILIATION,Cancelación enviada a conciliación,SOL,USR1042,2026-07-15T09:00:00,USR4570,2026-07-16T09:00:00
900009,0011,0204,7300000002,5100109,1009,INV,INV_RIMAC_NOT_CHAR,Cobro no realizado ni informado por RIMAC,PEN,USR1002,2026-08-04T10:00:00,USR1002,2026-08-05T06:00:00
900010,0011,0101,7300000001,5100110,1010,REN,PRE_AUT_NOTFOUND_ERR,Trama de prerrenovación automática no recibida,PEN,USR1042,2026-08-01T09:00:00,USR1042,2026-08-03T09:00:00
900011,0011,0204,7300000002,5100111,1011,REN,REN_NOTFOUND_ERR,Trama de renovación no recibida,SOL,USR2301,2026-07-28T09:00:00,USR4570,2026-08-02T10:00:00
